Processor,Transistor count,Year,Designer(s),Fab(s),Process,Area,"Transistor
density
(tr./mm2)",Ref
μPD7220 GDC,"40,000",1982,NEC,NEC,"5,000 nm",?,?,
ARTC HD63484,"60,000",1984,Hitachi,Hitachi,?,?,?,
CBM Agnus,"21,000",1985,Commodore,CSG,"5,000 nm",?,?,
YM7101 VDP,"100,000",1988,"Yamaha, Sega",Yamaha,?,?,?,
Tom & Jerry,"750,000",1993,Flare,IBM,?,?,?,
VDP1,"1,000,000",1994,Sega,Hitachi,500 nm,?,?,
Sony GPU,"1,000,000",1994,Toshiba,LSI,500 nm,?,?,
NV1,"1,000,000",1995,"Nvidia, Sega",SGS,500 nm,90 mm2,"11,000",
Reality Coprocessor,"2,600,000",1996,SGI,NEC,350 nm,81 mm2,"32,100",
PowerVR,"1,200,000",1996,VideoLogic,NEC,350 nm,?,?,
Voodoo Graphics,"1,000,000",1996,3dfx,TSMC,500 nm,?,?,
Voodoo Rush,"1,000,000",1997,3dfx,TSMC,500 nm,?,?,
NV3,"3,500,000",1997,Nvidia,"SGS, TSMC",350 nm,90 mm2,"38,900",
i740,"3,500,000",1998,"Intel, Real3D",Real3D,350 nm,?,?,
Voodoo 2,"4,000,000",1998,3dfx,TSMC,350 nm,?,?,
Voodoo Rush,"4,000,000",1998,3dfx,TSMC,350 nm,?,?,
NV4,"7,000,000",1998,Nvidia,TSMC,350 nm,90 mm2,"78,000",
PowerVR2 CLX2,"10,000,000",1998,VideoLogic,NEC,250 nm,116 mm2,"86,200",
PowerVR2 PMX1,"6,000,000",1999,VideoLogic,NEC,250 nm,?,?,
Rage 128,"8,000,000",1999,ATI,"TSMC, UMC",250 nm,70 mm2,"114,000",
Voodoo 3,"8,100,000",1999,3dfx,TSMC,250 nm,?,?,
Graphics Synthesizer,"43,000,000",1999,"Sony, Toshiba","Sony, Toshiba",180 nm,279 mm2,"154,000",
NV5,"15,000,000",1999,Nvidia,TSMC,250 nm,90 mm2,"167,000",
NV10,"17,000,000",1999,Nvidia,TSMC,220 nm,111 mm2,"153,000",
NV11,"20,000,000",2000,Nvidia,TSMC,180 nm,65 mm2,"308,000",
NV15,"25,000,000",2000,Nvidia,TSMC,180 nm,81 mm2,"309,000",
Voodoo 4,"14,000,000",2000,3dfx,TSMC,220 nm,?,?,
Voodoo 5,"28,000,000",2000,3dfx,TSMC,220 nm,?,?,
R100,"30,000,000",2000,ATI,TSMC,180 nm,97 mm2,"309,000",
Flipper,"51,000,000",2000,ArtX,NEC,180 nm,106 mm2,"481,000",
PowerVR3 KYRO,"14,000,000",2001,Imagination,ST,250 nm,?,?,
PowerVR3 KYRO II,"15,000,000",2001,Imagination,ST,180 nm,?,?,
NV2A,"60,000,000",2001,Nvidia,TSMC,150 nm,?,?,
NV20,"57,000,000",2001,Nvidia,TSMC,150 nm,128 mm2,"445,000",
NV25,"63,000,000",2002,Nvidia,TSMC,150 nm,142 mm2,"444,000",
NV28,"36,000,000",2002,Nvidia,TSMC,150 nm,101 mm2,"356,000",
NV17/18,"29,000,000",2002,Nvidia,TSMC,150 nm,65 mm2,"446,000",
R200,"60,000,000",2001,ATI,TSMC,150 nm,68 mm2,"882,000",
R300,"107,000,000",2002,ATI,TSMC,150 nm,218 mm2,"490,800",
R360,"117,000,000",2003,ATI,TSMC,150 nm,218 mm2,"536,700",
NV34,"45,000,000",2003,Nvidia,TSMC,150 nm,124 mm2,"363,000",
NV34b,"45,000,000",2004,Nvidia,TSMC,140 nm,91 mm2,"495,000",
NV30,"125,000,000",2003,Nvidia,TSMC,130 nm,199 mm2,"628,000",
NV31,"80,000,000",2003,Nvidia,TSMC,130 nm,121 mm2,"661,000",
NV35/38,"135,000,000",2003,Nvidia,TSMC,130 nm,207 mm2,"652,000",
NV36,"82,000,000",2003,Nvidia,IBM,130 nm,133 mm2,"617,000",
R480,"160,000,000",2004,ATI,TSMC,130 nm,297 mm2,"538,700",
NV40,"222,000,000",2004,Nvidia,IBM,130 nm,305 mm2,"727,900",
NV44,"75,000,000",2004,Nvidia,IBM,130 nm,110 mm2,"681,800",
NV41,"222,000,000",2005,Nvidia,TSMC,110 nm,225 mm2,"986,700",
NV42,"198,000,000",2005,Nvidia,TSMC,110 nm,222 mm2,"891,900",
NV43,"146,000,000",2005,Nvidia,TSMC,110 nm,154 mm2,"948,100",
G70,"303,000,000",2005,Nvidia,"TSMC, Chartered",110 nm,333 mm2,"909,900",
Xenos,"232,000,000",2005,ATI,TSMC,90 nm,182 mm2,"1,275,000",
RSX Reality Synthesizer,"300,000,000",2005,"Nvidia, Sony",Sony,90 nm,186 mm2,"1,613,000",
R520,"321,000,000",2005,ATI,TSMC,90 nm,288 mm2,"1,115,000",
RV530,"157,000,000",2005,ATI,TSMC,90 nm,150 mm2,"1,047,000",
RV515,"107,000,000",2005,ATI,TSMC,90 nm,100 mm2,"1,070,000",
R580,"384,000,000",2006,ATI,TSMC,90 nm,352 mm2,"1,091,000",
G71,"278,000,000",2006,Nvidia,TSMC,90 nm,196 mm2,"1,418,000",
G72,"112,000,000",2006,Nvidia,TSMC,90 nm,81 mm2,"1,383,000",
G73,"177,000,000",2006,Nvidia,TSMC,90 nm,125 mm2,"1,416,000",
G80,"681,000,000",2006,Nvidia,TSMC,90 nm,480 mm2,"1,419,000",
G86 Tesla,"210,000,000",2007,Nvidia,TSMC,80 nm,127 mm2,"1,654,000",
G84 Tesla,"289,000,000",2007,Nvidia,TSMC,80 nm,169 mm2,"1,710,000",
RV560,"330,000,000",2006,ATI,TSMC,80 nm,230 mm2,"1,435,000",
R600,"700,000,000",2007,ATI,TSMC,80 nm,420 mm2,"1,667,000",
RV610,"180,000,000",2007,ATI,TSMC,65 nm,85 mm2,"2,118,000",
RV630,"390,000,000",2007,ATI,TSMC,65 nm,153 mm2,"2,549,000",
G92,"754,000,000",2007,Nvidia,"TSMC, UMC",65 nm,324 mm2,"2,327,000",
G94 Tesla,"505,000,000",2008,Nvidia,TSMC,65 nm,240 mm2,"2,104,000",
G96 Tesla,"314,000,000",2008,Nvidia,TSMC,65 nm,144 mm2,"2,181,000",
G98 Tesla,"210,000,000",2008,Nvidia,TSMC,65 nm,86 mm2,"2,442,000",
GT200,"1,400,000,000",2008,Nvidia,TSMC,65 nm,576 mm2,"2,431,000",
RV620,"181,000,000",2008,ATI,TSMC,55 nm,67 mm2,"2,701,000",
RV635,"378,000,000",2008,ATI,TSMC,55 nm,135 mm2,"2,800,000",
RV710,"242,000,000",2008,ATI,TSMC,55 nm,73 mm2,"3,315,000",
RV730,"514,000,000",2008,ATI,TSMC,55 nm,146 mm2,"3,521,000",
RV670,"666,000,000",2008,ATI,TSMC,55 nm,192 mm2,"3,469,000",
RV770,"956,000,000",2008,ATI,TSMC,55 nm,256 mm2,"3,734,000",
RV790,"959,000,000",2008,ATI,TSMC,55 nm,282 mm2,"3,401,000",
G92b Tesla,"754,000,000",2008,Nvidia,"TSMC, UMC",55 nm,260 mm2,"2,900,000",
G94b Tesla,"505,000,000",2008,Nvidia,"TSMC, UMC",55 nm,196 mm2,"2,577,000",
G96b Tesla,"314,000,000",2008,Nvidia,"TSMC, UMC",55 nm,121 mm2,"2,595,000",
GT200b Tesla,"1,400,000,000",2008,Nvidia,"TSMC, UMC",55 nm,470 mm2,"2,979,000",
GT218 Tesla,"260,000,000",2009,Nvidia,TSMC,40 nm,57 mm2,"4,561,000",
GT216 Tesla,"486,000,000",2009,Nvidia,TSMC,40 nm,100 mm2,"4,860,000",
GT215 Tesla,"727,000,000",2009,Nvidia,TSMC,40 nm,144 mm2,"5,049,000",
RV740,"826,000,000",2009,ATI,TSMC,40 nm,137 mm2,"6,029,000",
Cypress RV870,"2,154,000,000",2009,ATI,TSMC,40 nm,334 mm2,"6,449,000",
Juniper RV840,"1,040,000,000",2009,ATI,TSMC,40 nm,166 mm2,"6,265,000",
Redwood RV830,"627,000,000",2010,AMD (ATI),TSMC,40 nm,104 mm2,"6,029,000",
Cedar RV810,"292,000,000",2010,AMD,TSMC,40 nm,59 mm2,"4,949,000",
Cayman RV970,"2,640,000,000",2010,AMD,TSMC,40 nm,389 mm2,"6,789,000",
Barts RV940,"1,700,000,000",2010,AMD,TSMC,40 nm,255 mm2,"6,667,000",
Turks RV930,"716,000,000",2011,AMD,TSMC,40 nm,118 mm2,"6,068,000",
Caicos RV910,"370,000,000",2011,AMD,TSMC,40 nm,67 mm2,"5,522,000",
GF100 Fermi,"3,200,000,000",2010,Nvidia,TSMC,40 nm,526 mm2,"6,084,000",
GF110 Fermi,"3,000,000,000",2010,Nvidia,TSMC,40 nm,520 mm2,"5,769,000",
GF104 Fermi,"1,950,000,000",2011,Nvidia,TSMC,40 nm,332 mm2,"5,873,000",
GF106 Fermi,"1,170,000,000",2010,Nvidia,TSMC,40 nm,238 mm2,"4,916,000",
GF108 Fermi,"585,000,000",2011,Nvidia,TSMC,40 nm,116 mm2,"5,043,000",
GF119 Fermi,"292,000,000",2011,Nvidia,TSMC,40 nm,79 mm2,"3,696,000",
Tahiti GCN1,"4,312,711,873",2011,AMD,TSMC,28 nm,365 mm2,"11,820,000",
Cape Verde GCN1,"1,500,000,000",2012,AMD,TSMC,28 nm,123 mm2,"12,200,000",
Pitcairn GCN1,"2,800,000,000",2012,AMD,TSMC,28 nm,212 mm2,"13,210,000",
GK110 Kepler,"7,080,000,000",2012,Nvidia,TSMC,28 nm,561 mm2,"12,620,000",
GK104 Kepler,"3,540,000,000",2012,Nvidia,TSMC,28 nm,294 mm2,"12,040,000",
GK106 Kepler,"2,540,000,000",2012,Nvidia,TSMC,28 nm,221 mm2,"11,490,000",
GK107 Kepler,"1,270,000,000",2012,Nvidia,TSMC,28 nm,118 mm2,"10,760,000",
GK208 Kepler,"1,020,000,000",2013,Nvidia,TSMC,28 nm,79 mm2,"12,910,000",
Oland GCN1,"1,040,000,000",2013,AMD,TSMC,28 nm,90 mm2,"11,560,000",
Bonaire GCN2,"2,080,000,000",2013,AMD,TSMC,28 nm,160 mm2,"13,000,000",
Durango (Xbox One),"4,800,000,000",2013,AMD,TSMC,28 nm,375 mm2,"12,800,000",
Liverpool (PlayStation 4),?,2013,AMD,TSMC,28 nm,348 mm2,?,
Hawaii GCN2,"6,300,000,000",2013,AMD,TSMC,28 nm,438 mm2,"14,380,000",
GM200 Maxwell,"8,000,000,000",2015,Nvidia,TSMC,28 nm,601 mm2,"13,310,000",
GM204 Maxwell,"5,200,000,000",2014,Nvidia,TSMC,28 nm,398 mm2,"13,070,000",
GM206 Maxwell,"2,940,000,000",2014,Nvidia,TSMC,28 nm,228 mm2,"12,890,000",
GM107 Maxwell,"1,870,000,000",2014,Nvidia,TSMC,28 nm,148 mm2,"12,640,000",
Tonga GCN3,"5,000,000,000",2014,AMD,"TSMC, GlobalFoundries",28 nm,366 mm2,"13,660,000",
Fiji GCN3,"8,900,000,000",2015,AMD,TSMC,28 nm,596 mm2,"14,930,000",
Durango 2 (Xbox One S),"5,000,000,000",2016,AMD,TSMC,16 nm,240 mm2,"20,830,000",
Neo (PlayStation 4 Pro),"5,700,000,000",2016,AMD,TSMC,16 nm,325 mm2,"17,540,000",
Ellesmere/Polaris 10 GCN4,"5,700,000,000",2016,AMD,"Samsung, GlobalFoundries",14 nm,232 mm2,"24,570,000",
Baffin/Polaris 11 GCN4,"3,000,000,000",2016,AMD,"Samsung, GlobalFoundries",14 nm,123 mm2,"24,390,000",
Lexa/Polaris 12 GCN4,"2,200,000,000",2017,AMD,"Samsung, GlobalFoundries",14 nm,101 mm2,"21,780,000",
GP100 Pascal,"15,300,000,000",2016,Nvidia,"TSMC, Samsung",16 nm,610 mm2,"25,080,000",
GP102 Pascal,"11,800,000,000",2016,Nvidia,"TSMC, Samsung",16 nm,471 mm2,"25,050,000",
GP104 Pascal,"7,200,000,000",2016,Nvidia,TSMC,16 nm,314 mm2,"22,930,000",
GP106 Pascal,"4,400,000,000",2016,Nvidia,TSMC,16 nm,200 mm2,"22,000,000",
GP107 Pascal,"3,300,000,000",2016,Nvidia,Samsung,14 nm,132 mm2,"25,000,000",
GP108 Pascal,"1,850,000,000",2017,Nvidia,Samsung,14 nm,74 mm2,"25,000,000",
Scorpio (Xbox One X),"6,600,000,000",2017,AMD,TSMC,16 nm,367 mm2,"17,980,000",
Vega 10 GCN5,"12,500,000,000",2017,AMD,"Samsung, GlobalFoundries",14 nm,484 mm2,"25,830,000",
GV100 Volta,"21,100,000,000",2017,Nvidia,TSMC,12 nm,815 mm2,"25,890,000",
TU102 Turing,"18,600,000,000",2018,Nvidia,TSMC,12 nm,754 mm2,"24,670,000",
TU104 Turing,"13,600,000,000",2018,Nvidia,TSMC,12 nm,545 mm2,"24,950,000",
TU106 Turing,"10,800,000,000",2018,Nvidia,TSMC,12 nm,445 mm2,"24,270,000",
TU116 Turing,"6,600,000,000",2019,Nvidia,TSMC,12 nm,284 mm2,"23,240,000",
TU117 Turing,"4,700,000,000",2019,Nvidia,TSMC,12 nm,200 mm2,"23,500,000",
Vega 20 GCN5,"13,230,000,000",2018,AMD,TSMC,7 nm,331 mm2,"39,970,000",
Navi 10 RDNA,"10,300,000,000",2019,AMD,TSMC,7 nm,251 mm2,"41,040,000",
Navi 12 RDNA,?,2020,AMD,TSMC,7 nm,?,?,
Navi 14 RDNA,"6,400,000,000",2019,AMD,TSMC,7 nm,158 mm2,"40,510,000",
Arcturus CDNA,"25,600,000,000",2020,AMD,TSMC,7 nm,750 mm2,"34,100,000",
GA100 Ampere,"54,200,000,000",2020,Nvidia,TSMC,7 nm,826 mm2,"65,620,000",
GA102 Ampere,"28,300,000,000",2020,Nvidia,Samsung,8 nm,628 mm2,"45,035,000",
GA103 Ampere,"22,000,000,000",2022,Nvidia,Samsung,8 nm,496 mm2,"44,400,000",
GA104 Ampere,"17,400,000,000",2020,Nvidia,Samsung,8 nm,392 mm2,"44,390,000",
GA106 Ampere,"12,000,000,000",2021,Nvidia,Samsung,8 nm,276 mm2,"43,480,000",
GA107 Ampere,"8,700,000,000",2021,Nvidia,Samsung,8 nm,200 mm2,"43,500,000",
Navi 21 RDNA2,"26,800,000,000",2020,AMD,TSMC,7 nm,520 mm2,"51,540,000",
Navi 22 RDNA2,"17,200,000,000",2021,AMD,TSMC,7 nm,335 mm2,"51,340,000",
Navi 23 RDNA2,"11,060,000,000",2021,AMD,TSMC,7 nm,237 mm2,"46,670,000",
Navi 24 RDNA2,"5,400,000,000",2022,AMD,TSMC,6 nm,107 mm2,"50,470,000",
Aldebaran CDNA2,"58,200,000,000 (MCM)",2021,AMD,TSMC,6 nm,"1448–1474 mm2
1480 mm2
1490–1580 mm2","39,500,000–40,200,000
39,200,000
36,800,000–39,100,000",
GH100 Hopper,"80,000,000,000",2022,Nvidia,TSMC,4 nm,814 mm2,"98,280,000",
AD102 Ada Lovelace,"76,300,000,000",2022,Nvidia,TSMC,4 nm,608.4 mm2,"125,411,000",
AD103 Ada Lovelace,"45,900,000,000",2022,Nvidia,TSMC,4 nm,378.6 mm2,"121,240,000",
AD104 Ada Lovelace,"35,800,000,000",2022,Nvidia,TSMC,4 nm,294.5 mm2,"121,560,000",
AD106 Ada Lovelace,?,2023,Nvidia,TSMC,4 nm,190 mm2,?,
AD107 Ada Lovelace,?,2023,Nvidia,TSMC,4 nm,146 mm2,?,
Navi 31 RDNA3,"57,700,000,000 (MCM)
45,400,000,000 (GCD)
6×2,050,000,000 (MCD)",2022,AMD,TSMC,"5 nm (GCD)
6 nm (MCD)","531 mm2 (MCM)
306 mm2 (GCD)
6×37.5 mm2 (MCD)","109,200,000 (MCM)
132,400,000 (GCD)
54,640,000 (MCD)",
Navi 32 RDNA3,"28,100,000,000 (MCM)",2023,AMD,TSMC,"5 nm (GCD)
6 nm (MCD)","350 mm2 (MCM)
200 mm2 (GCD)
4×37.5 mm2 (MCD)","80,200,000 (MCM)",
Navi 33 RDNA3,"13,300,000,000",2023,AMD,TSMC,6 nm,204 mm2,"65,200,000",
Aqua Vanjaram CDNA3,"153,000,000,000 (MCM)",2023,AMD,TSMC,"5 nm (GCD)
6 nm (MCD)",?,?,
GB200 Grace Blackwell,"208,000,000,000 (MCM)",2024,Nvidia,TSMC,4 nm,?,?,
GB202 Blackwell (RTX 5090),"92,200,000,000",2025,Nvidia,TSMC,4 nm,750 mm2,"122,600,000",
Processor,Transistor count,Year,Designer(s),Fab(s),MOS process,Area,"Transistor
density
(tr./mm2)",Ref
